0.462123602135641,0.413133446000581,0.746688860703694,0.495331556533316,0.375148674719213,2.27241490645998,1.28810707500351,0.748434494293106,1.46593436684209,1.01303941966729,1.32232321917053,0.981570142110345,0.411847657678631,0.949726420276813,0.886349633373315,2.51190366755623,2.40106560383382,0.985263005970807,1.11405170981381,1.80109936915548,2.01356982776733,0.903276677104338,0.672958769671666,0.567504869374294,1.3788977541023
2.48397286836199,1.99271810317396,0.155444014709925,0.605853333430849,0.633110089559625,1.14010039680116,1.39455668187553,0.79042468726882,0.803232655433964,1.18174752648144,2.26147484511448,1.97668876810343,1.11043385234755,0.712697145663012,0.923517435806034,2.32581244435489,1.64434017268114,0.544830075311222,0.597573653263211,1.01947381637545,8.60099946577632,11.713246425515,16.8346739600125,21.9761345678057,0.48481652000848
0.331337639641441,0.300167755095128,1.37555222701844,1.08595266727684,0.343924766306518,1.22463308619496,1.11887688156644,0.632068520095522,1.11303926438751,0.926966961191858,1.17832675128801,0.967781869313015,0.582107153115619,1.02762634410127,0.923017850215287,1.8863713219864,1.39717428094688,0.825439111987084,0.780562621643469,0.838612173560297,0.828296013506377,0.53586543902133,0.242401633995225,0.328260161903431,0.789567561810657
0.314637049636457,0.593647924139242,1.32449014811968,1.58890757294021,0.819725439142836,1.58876498830319,1.64306361893025,0.804419565866948,0.601368724814265,1.50634018632124,1.48639934468825,1.81149538570541,0.778381448554617,0.622752565220124,1.53167310269585,1.19573987646197,2.0948876546406,0.429455549480282,0.367195893633971,1.45617430593283,0.499569302379908,0.734341537510689,0.316934563254801,0.521280784806746,0.932168591268054
0.788072244251005,1.07789868455371,0.456941196905825,0.962639963224388,1.21669206633382,0.843003980194527,1.13450505990544,0.631018168094133,0.883183814349804,1.44317721728326,0.584281535187802,1.13140044156046,0.646454120255309,0.814496912187762,1.07648411327205,1.61518723115811,2.30790121049705,0.506027421174685,0.567655922198621,1.14328499558472,1.37599139022089,1.06311611497052,1.42736218328931,1.50089106391512,0.782850280137038
0.510028044570031,0.747218713911768,1.6455127201088,1.73540796130287,1.29585876536731,1.25819656006455,1.07337244819177,0.759932252629887,0.437427575285764,0.84139687915949,1.31873303474237,1.15380099817882,0.891232354839303,0.581988041218762,1.12278218357142,1.80664896132859,2.25499308511667,1.49775631087373,0.969635509412715,1.32673218000158,0.649463703545423,1.00491236907875,0.544124278363264,0.773441200561902,0.577614941637417
0.765837884263969,0.648495240018843,0.21256880931003,0.626586650961459,0.590422233445584,1.36480201410286,1.02426211393543,0.810219813125128,0.875224920018641,0.568320903324714,1.24567413767215,0.942195953954196,0.663575791402055,1.26587911319508,0.50161065914182,1.41561246624402,1.63654023485033,0.863239620578958,0.748446078742003,1.07370019727763,3.93261360300379,2.92227919580984,4.75473765820399,3.82607475468177,1.04744571080451
0.97157705235355,1.13950831990335,0.736722780963112,1.20994722046666,0.966175110231101,0.458536830438959,0.653541673326474,0.299796589688181,0.304050497118919,0.286651084489526,0.648282415364182,0.567175168355804,0.411795860947736,0.310864690916912,0.420305589540111,2.28191686304844,1.47344180226859,0.541670688261424,0.613241899782532,1.21701305601975,0.304678421668939,0.645469095275675,0.561043072545941,0.953732020875553,0.575113403448977
0.658364572709719,0.829267227235356,0.582072167370098,0.938165043366009,0.80844492152936,0.354002992765122,0.823784195827863,0.526858987258917,0.51483870696695,0.32854245956588,0.587819617154559,1.17494696867831,0.482388840039885,0.465817702894782,0.658581766688007,1.45126386512606,2.15210726886185,0.700619094649205,0.704715073397718,0.925891905282275,0.59731692924077,1.31538706455542,0.559840609275679,2.65263253942409,0.846258200238165
0.789214814928216,0.756235643018662,0.26810939384648,0.643979972601798,0.865246989955037,1.22616978810962,1.34606417172705,0.434423778962922,0.669844049501588,0.719689712158078,0.832872234515458,0.936421618059813,0.498126151613988,0.588503934005211,0.545927211313025,1.53884407161186,1.22858163562459,0.399000739781941,0.626012382489967,0.802229568839813,0.829033714024318,0.454825107808923,1.02491481519404,1.2172288242217,1.27129798506961
0.556499538526487,0.605831205960299,1.14402990832819,1.33538388593459,0.89863564029223,0.82864523531509,0.943878032804727,0.647000449237051,0.569796061821108,0.597230193318901,1.2724826979948,1.5509918299753,0.709917328318676,0.698392575639006,1.27764317294695,1.40688302688879,1.77423125941363,0.453191127880931,0.430957180774077,1.22696021292722,0.343449620558802,0.413761854541489,0.117383211416607,0.419827745679964,0.559736777289257
0.811301176709732,0.462914650894822,0.242854999897045,0.727645171190868,0.971130894355592,1.32189484812145,0.77551892534576,0.575930951371384,0.800609280789044,1.04458099656948,0.901257933248906,0.459773469217176,0.513713229677632,0.749526282688537,0.746580596643612,1.81443547699463,1.23787834229678,0.442821603838131,0.608340622540638,1.06577982563665,2.436569497311,1.83211471484257,1.75993460769247,2.27558484015888,1.01955427780162
1.62163219812256,1.49517178707117,0.123356994964634,0.851303347759506,0.920760986784791,0.777352785341166,0.991688946149852,0.534020987448163,0.749743284338165,0.658986441509612,1.03708991296919,1.03437200539127,0.714084010715444,0.877909378953217,0.512905852505774,1.75707597589975,1.79152531744653,0.473074364183491,0.822651937791725,1.5976422154447,4.86112787179874,4.50000115085698,9.01609737590367,10.1204685027924,0.808087358444771
1.24214076021936,1.38656166528613,0.101919184817343,0.676915250163753,1.17804298214849,1.07141849208009,1.15781003065369,0.598717575827097,1.10788437160397,1.01339703321059,1.08056210699365,1.27754004434866,0.551375433590735,0.865441881957046,0.83063893069363,1.75504013425605,1.7809739422404,0.367748986381313,0.638448619472483,1.50946419959706,2.69634418853442,3.54357095433202,4.84492749299599,7.33405838013,1.33694973505647
1.38109575608413,1.61142244240925,0.365112581290624,0.792721172857206,0.670574557141426,0.705993700121423,0.946192505337127,0.858760429195877,0.980106904541714,0.956249740949487,2.08221624375965,2.33025985093619,0.466417889321338,0.64388861414914,0.562687915675136,2.30686363681274,2.48630848801657,0.667914111771383,0.786653129325646,1.38438132801224,1.35671531665674,1.50766037339394,3.96042885567233,14.1677301782235,0.541577233217373
0.538794969583815,0.480576264100298,0.99560535469473,0.990438637324015,0.479503795998753,0.975096871162384,0.814628037199753,0.637753007279347,0.856603435545938,0.980209695463885,1.30604778642519,1.16798815587564,0.567636967529238,0.711811102886115,0.675481830785812,1.36546546760069,1.21957961539745,0.733611270328046,0.672328550264202,0.844580515961139,0.448061037105395,0.573785093372969,0.391321907747945,0.456788035121088,1.06422572865773
1.64885959004584,1.26754069380014,0.0620294875159812,1.10071068741664,1.24302649310307,0.85933440217163,0.62057357721901,0.412601483655442,0.529047669436258,0.560438367974643,1.40928285863437,0.969606614222542,0.507886291739208,0.560775777001935,0.671444398580629,2.14314817201397,1.99320650773018,0.482543973210725,0.703107234187637,1.2896435054887,3.86302192757366,6.06660379687855,8.03519748781837,14.4128937000538,0.846261587676747
0.373359173140588,0.229329626558568,0.575640879178571,0.609220422696204,0.586207194804731,1.49205942714155,0.934088878686732,0.392925893960974,0.840171772992497,1.21426715635786,0.651604825747736,0.676920925037737,0.183195071190165,0.406600420558642,0.643948004721614,1.55419639233891,1.95932286812221,0.292840510904341,0.691756611115184,1.8530398401523,0.730933602251829,0.352149033018767,0.383278125859614,0.24226943214471,0.888031841360825
0.827581560042676,1.22209137373733,0.386143136443191,1.15148652908991,0.980236705612757,0.893253480768825,1.29556576152136,0.652824449372492,0.487122687405556,0.772508160555226,0.664641440003145,1.39908402696167,0.861651864909339,0.841394436455384,0.356507461033682,1.96989039231623,2.57478793715106,0.710859957227124,0.657442288433832,1.12917925158809,2.3491190696241,1.85118411496452,4.01060989990669,3.65814768297719,0.46205063021283
0.469470993175755,0.372698509691951,1.36787944935247,1.0936493067802,0.420331664798244,1.21143566930265,0.786886057000116,0.613804589880644,0.759761739620132,0.748585120187479,1.24767905610926,1.08454575748793,0.573029154166985,0.60127643152187,0.851064617923612,1.3168996318088,1.6488659044581,0.73841647720783,0.497870113164032,0.899893533470087,0.338557804610011,0.547754834127245,0.302275288173575,0.616830377625737,0.810591354760071
0.989908167570851,1.0387243666419,0.249480481775143,0.604461545883923,0.775905532050226,1.16433358467546,0.917388235673578,0.643808023555794,0.45897404147044,1.0930097765513,1.12210003790201,1.25236108425917,0.789373217917479,0.621149239426074,1.00055175823337,2.10838457084143,1.341755497496,0.674223291019535,0.647540977752175,1.42079789126551,1.6491507910732,0.880475965476763,3.02219957990505,2.54746587472644,0.812303513899435
1.30224058932899,1.70922321006504,0.162364061253351,0.743416044396271,0.840626676265051,1.34695596127204,1.05468760856283,0.398568923658304,0.565291348364489,1.04851514187635,0.923530931003018,1.36127923261152,0.670414588342373,0.501619647615542,0.741914723322193,2.20480737306679,2.25333730246053,0.481189740142598,0.70518215989521,2.06595685090112,1.89496415000279,1.97880147254226,5.45657161428666,6.00449885937281,0.765786684875838
0.360242368348498,0.328923831343907,0.64716753595563,0.757520069049451,0.586880038752468,1.4095135408099,0.990354659028565,0.633340636388234,0.729053248166605,1.12228983233273,1.31060653181537,1.11795659269597,0.530024654205779,0.503970249536991,0.621793975357394,1.70315330180412,1.19120715775567,0.33283568870931,0.519550313273487,1.33494704896599,0.523470117097576,0.36069176288572,0.288182127967005,0.495775100862171,0.596746343754151
0.699714099075871,0.668186830006397,0.789681288418201,1.06968151810217,0.872868186422824,0.740233208431111,1.30929147825111,0.479749865124709,0.700781103513303,0.436347473101389,1.39338169554005,1.33329618833303,0.358336407851697,0.731058765501224,1.32542074928849,1.65412649010123,1.66158360971258,0.759991864025372,0.627977209091021,1.01080633035765,1.15142883731897,0.421855190369775,0.702486199370213,0.340330248307918,0.864411110866892
1.10439683172247,0.849377586359638,0.291638447687408,0.868714292508709,0.742933371448155,1.21964114137682,1.16662360501935,0.467385465543087,0.947325969787302,1.10809312284368,1.09194431710355,0.896126336259388,0.425737488826353,0.76610692663348,0.878266645836901,1.18923134968484,1.2808217916012,0.42907985124159,0.525662084611675,1.06150696074703,0.942011705257524,0.535004621232399,1.12893739778515,1.34975870455206,1.0752743518533
1.34909659644708,1.13791878965559,0.177197584245468,0.89777285353964,1.02376914621325,0.629778556747851,0.572281072607069,0.715809820820599,0.386363478110373,0.606873607784083,1.35062765866655,0.790686258919223,1.44848060813994,0.635406706789514,0.399427167954836,2.33324969207704,2.95914906793288,0.962527688994091,0.569725874936836,1.93349805764265,5.69027454634965,6.50062082789979,12.3900544030383,14.8813357105485,0.608877755263397
0.419690692166721,0.357956312779818,0.71193255924662,0.695762766535964,0.32603671589754,0.379123662290152,0.402817036315694,0.566663998968272,1.07605720406617,0.920270209850047,0.498949247430994,0.712202060445818,0.342240704867242,0.524772309034389,0.769710283121179,1.82154310849753,1.30509921366152,0.753029970008153,0.794696090704978,1.91020684500808,1.30629469799513,0.73756894968077,0.332328924580791,0.540193396642564,0.634284243285767
2.10756765616322,0.872563816863624,0.7220093243552,0.579995686978095,1.07482431302558,1.13526637630796,0.541814878056249,0.529391689881336,0.492445962656145,0.736806641280823,2.09355703295763,0.478547703527546,0.743759835370937,0.535063542422863,0.652352978619797,3.41044466315429,2.21095781974563,0.549303560981691,0.520578982676308,1.16857815830112,5.75318452116111,6.81270139149702,10.3574486218229,14.3882247792013,0.955448489784303
0.394745423652672,0.390893488120444,0.879573664380533,0.871125542186333,0.650574426306393,1.36512160873672,1.4559840844738,0.853827336302374,1.02067957690602,0.951675772546325,1.422880631213,1.37717481250111,0.776934897181468,0.876020723035775,1.10543812606663,1.97016310735333,1.80795198726587,0.569740610147344,0.585246770912129,1.14846451722994,0.615657932757036,0.404177356897169,0.191872027633209,0.419811461713952,0.756490535561177
0.390101992932213,0.523626967434291,0.889488507544541,0.541612068573003,0.376274078989267,1.72324668801807,2.15733348220776,0.653769877197096,0.706210736346565,0.808629249409265,1.05463727829587,1.26482743314424,0.578110991652011,0.498035386484453,0.581815070346699,1.84231080074665,2.51137510172237,0.768106229065153,0.579536350433541,1.11577880467358,0.869801913042188,0.82946704182297,0.39186786064601,0.52517346138017,1.12178477161041
0.543811568911091,0.664774116938259,1.02235135523885,1.1346953811595,0.911172043606756,1.33807899308408,1.16599273406187,0.655911270390597,0.421448212871865,0.604868754762088,1.65189266547477,1.75410371235822,0.811233547504293,0.540655217770774,1.08507386786311,1.60021409073226,1.70379895249069,0.824837306179849,0.404041600807355,1.18930644795125,0.390141806144101,0.879176621290973,0.547732039081843,0.64695661665346,0.914259964316318
1.43764478144197,1.4287667994147,0.246252103498022,0.602389557521029,0.683851934130778,1.1814097070973,1.08250019665933,0.741940288507271,0.522851826963593,1.03119313210467,1.95950021668174,1.97682162243069,1.19794955045166,0.518795456456656,0.694065103778358,2.34955754898462,2.32908319864068,0.722232833617457,0.482708611712946,1.4509853139922,3.46882761709347,5.17021657186126,12.3032870959463,15.9051213525758,0.690880931232895
0.206676990185089,0.369843490708604,0.774555191934638,0.852606760402618,0.714097689022073,1.07725886226748,1.3982084656986,0.70862375992909,0.812412563983003,0.863793998245501,1.08570538260318,1.82557799177335,0.634728177893923,0.727961852265433,0.916485081192027,1.22635756761143,1.74778930154226,0.416370552180359,0.48137276547981,0.961689730460647,0.40813229554769,0.487670207720043,0.202900069037557,0.357545276828999,0.962374735197381
0.308875944754057,0.486799291993643,0.971803416567807,0.518122013431674,0.446255571724194,0.978768612143212,1.48889593980736,0.839894026126224,0.612773831331072,0.635340091114096,0.517035997950765,0.762410537661107,0.554510920709523,0.344331642966977,0.487326646945857,1.26642785603637,1.86823319955323,0.765165903271976,0.458245948443634,0.88976452184449,0.954510977838587,0.4787570033166,0.708662277081893,0.631282360800731,0.921500278595499
1.46944714710981,2.19597077374805,0.176511883924394,0.635583668814193,0.77839258731404,0.886662743973498,1.00003672486189,0.480255162679446,0.71698217342719,0.936749899910935,1.64815263929854,2.68840877529876,0.589303922471137,0.484817896057352,0.869151948827569,2.34197741536774,2.68291610276393,0.485468592886804,0.642038012860989,1.65710060062698,6.57669974111837,12.0507048130908,21.1621890242342,37.8958291144191,0.66156266290191
0.619961489228443,0.703716045761019,0.560380788999204,0.700444680545648,0.690386047086178,0.860476314922136,0.726822025156727,0.396723001737495,0.757428385515436,0.75663850879935,0.936322303867644,0.881077457127659,0.33096989675659,0.666528421327558,0.996498806176983,1.39827244578755,1.65938084948933,0.347627569684452,0.719986742648531,1.11812170199602,0.66940663677244,0.322457820648195,0.256557386787616,0.389462486458315,0.713175397455679
0.372443967696446,0.563736802004675,1.19125030654626,1.09789045684103,0.664502532290887,1.58295338075173,0.555278807400011,0.531809380725209,0.750728204552887,0.72364166113106,1.61038729633293,0.820340122507955,0.543639941193018,0.618698664558986,0.891363117400724,2.66331323086026,2.30397008713095,0.521092583434202,0.637703705661373,1.25870517930503,0.648526654739498,0.471523385912359,0.263315342491824,0.439227735270848,0.811695771058101
1.18490790737722,1.11814196929466,0.270410888410666,0.928658021442262,0.932174737877588,0.790606443750327,0.635814583991914,0.397990423937007,0.384307734346383,0.481782620458514,0.795983497968403,0.51373003781245,0.457304215432278,0.568429006541159,0.328592451212163,2.20094198357431,2.07491413334106,0.431840419097081,0.641645414303564,1.54491167223024,2.66352441386414,1.92911281745308,4.27312841699398,4.45718679322955,1.02319846792176
0.305387940773811,0.332611335514028,0.446163555271911,0.591177459441499,0.274591484603118,0.675396150229086,1.17172638129283,1.07471643275259,0.502568098172729,0.841809564547124,0.917756738366797,1.23594095174762,0.712356369956212,0.358859658101901,0.971637908010958,1.67258408661838,2.4772876150649,0.76017055729661,0.556420207430208,1.55170341557227,0.797235251665707,0.538401335474533,0.285651069352987,0.351744094176852,1.69492966315731
1.20441671951613,1.33099609851615,0.159845889773797,0.817458140135433,0.66874109143082,0.852973164400345,0.778053716060804,0.400562678320016,0.5459521802461,0.649377310855249,0.724699852734649,0.856148153223828,0.478537300946889,0.417330679879136,0.468949358453271,2.20604603354369,1.79802332121989,0.413775178484392,0.564359502298034,1.45347064540689,1.27404904309733,1.10891589250338,2.72251571622292,3.16877086502149,0.595273043481393
0.364290457766518,0.689963425820772,1.56947275322516,1.34130016378635,0.783219594645033,1.59907886310256,1.6469728665851,0.762161246148799,0.705178947483665,1.28652037092704,1.58420764092296,1.60893996664641,0.782158648894292,0.615143475862109,1.24410774290811,1.64288592756454,1.8409763495034,0.690437824072239,0.424913678386141,1.0614711310178,0.343177156875018,0.74042208532533,0.388652974931177,0.591063449371456,1.04837916195987
0.713399532704922,0.479012218347224,0.802489269681258,1.0061567910862,0.874545083587363,1.16769516118966,0.943664444363807,0.423133892397799,0.611412813909229,0.661350678223653,1.48805964498531,1.18961458543789,0.431900599648736,0.47524698283259,0.971632934076068,2.86616717538586,2.1104328178083,0.506175303133111,0.861044222611353,1.39457678565208,0.558335960054548,0.799704386227953,0.333028462209752,0.93582010723422,0.965472876778719
1.38458544987384,0.769569291324962,0.299647296308927,0.460635282248847,0.603596658935965,0.821136406470335,1.0126483604317,0.781868560628704,0.562237165642977,0.48722778977718,1.94650799545575,0.415694820589702,0.838737024278288,0.80211744742268,0.393620569138955,3.23469710509945,1.64066513170796,0.581364124458213,0.365289958758532,1.19905194190005,9.3898603256967,8.07039818524941,15.1553532456293,15.9360437751324,1.0631486752263
0.51484882071184,0.544741401444123,0.450375144033382,0.778572394442109,0.646852260609958,1.00128507692787,0.923453760782896,0.424567679941352,0.449453046856533,1.05485265972324,1.12754093865414,0.807024972337111,0.492392875135669,0.506805498514819,0.701489537379419,1.61045406245874,1.94065283023796,0.64299343406092,0.523181450124722,1.07087898402917,1.11227879612095,0.31966565280084,0.925017151085968,0.600526444481909,0.899713734792541
0.212266781544259,0.587098284694123,1.17280879117383,1.34155107166264,0.90651259700702,1.11391967166042,1.79022578872882,0.891466671988433,0.793791969487269,0.881168820705729,1.27645621147229,1.97913885145146,0.932271447007864,0.674921497223359,0.947385534486176,2.0661970197102,1.90648871914347,0.478306345358532,0.411720653058306,0.795957388987754,0.362446190747931,0.423487212641629,0.265204676292752,0.629990368678624,0.972908494055431
1.07591033285266,0.842323125284482,0.407902385568333,0.694751436801722,0.700965955460979,0.691856707108234,1.09160545505824,0.416072631052895,0.612347443515977,0.89600063848621,0.675344253559251,0.572663725061784,0.397833662361762,0.546975947414687,0.662324111624212,1.41373604149763,1.99082035190686,0.354175366240821,0.477389432683206,0.888303739198798,0.679190923916435,0.549932239822427,0.754129748095104,1.23347287072936,0.832227443869043
0.490952445972598,0.369216772512389,0.450862063133686,0.395942090216784,0.325577886188125,1.29535824360623,1.60259862367615,0.598933219735566,1.0316983984551,1.05178706953762,0.592817390144843,0.415752202757246,0.251123000023338,0.560456212755999,0.463789681225074,2.30561225373388,2.37848542367805,0.351382119341655,0.590819998492067,1.62055701501747,0.732982066225645,0.549582374268491,0.535523525233837,0.551747991509082,1.05070627514247
0.276844372009301,0.524351710037766,0.621920725889507,0.733484341289943,0.472635528654862,1.21807189221265,1.11710396466074,0.912813390845392,0.624388628425549,1.22095067229232,0.861156076130911,0.349635996519092,0.381594079933865,0.270000568636957,0.430653331754731,1.25838214969061,1.23746522340983,0.390541988675647,0.311315076988382,1.03156244010427,0.524079928640491,0.354271506765001,0.456842884442734,0.492427872151821,1.27811448607197
0.452875643627468,0.356011377702559,0.725846615131277,0.847437040693519,0.588896666651451,0.77062528000447,0.883696197841586,0.606886136570253,0.560832747905574,0.766896422260684,1.19057768914808,1.20359034297563,0.596789115243548,0.724174008369953,1.30580205756932,1.27444537901238,1.24144907082534,0.76012498685227,0.578008094671243,1.15891428753828,0.292940931770365,0.561905828567378,0.297887695984495,0.463901710190787,0.93810022782754
0.76425896204475,0.419089290214734,1.51113663028249,1.56490014788827,0.670905603393446,1.07046416903655,1.05039091767952,0.600489910681415,0.728411117919073,0.784074785223317,1.07156039813236,0.861086607231967,0.552305513147839,0.55972639960923,0.75864734488195,1.54852122393485,1.85714965310608,0.817932136822231,0.722969990315424,0.868093840904621,0.801930215149125,0.741858160168077,0.478114320888366,1.01287331006082,1.43266539007956
1.19266383812134,0.614479393718196,0.165257344419785,0.42290769773875,0.705687634192883,0.826848657535304,1.88362486094623,0.704378304392244,0.46472891003544,1.15392671288977,1.0231841441215,1.67761936140766,0.590871348328503,0.375678509944683,1.0680167081329,1.41995684478364,1.7399082605572,0.559571053335139,0.364849599772913,0.886262207210224,3.37709835742715,2.46376047756127,4.09913925997239,4.05797524779866,1.47546514105882
0.674592529100127,1.21250043260465,0.356722556075575,0.650315304762389,0.629491920864777,1.02381760211956,1.04153490699486,0.615487152783725,0.476090051770845,0.799312403704799,0.863720133620521,1.2258867276357,0.550013876608181,0.400228171373242,0.608710174814079,2.1299610239888,3.27381775239803,0.657540210024066,0.514399184374826,1.47920651514663,0.633231585228331,0.556346510364518,1.5690342026014,3.06421746684687,0.999479932004866
1.17874677048004,1.40283880161336,0.496192577375715,0.757422503014,0.709754527707759,1.22898231681363,1.34831013424465,0.698152476574435,0.666791368784448,1.22643678377379,0.99899198344428,1.30160560150559,0.634706369488201,0.569342532920433,0.981378667852958,1.98505444981413,2.30146118599575,0.524027989500928,0.516093794400582,1.3523416129747,0.826384378855854,0.725186075515998,1.11865324811572,1.50062638848518,0.774973546728229
0.622349035882431,0.722139482830585,0.2594376996267,0.351069666731826,1.23027013844522,0.799890549839555,0.845937274320832,0.55857241437501,0.445480776245224,0.986901526755417,0.851700479090347,0.949112589794015,0.702345338908645,0.492525716291691,1.81530568338301,1.70387961678995,2.06519528525266,0.674138516004519,0.442965075452198,1.79402468221004,1.31681554757535,2.32220466959433,7.25869787244763,16.1650067625872,0.556470587272696
1.06859544882455,0.385404436659051,1.31983669499197,1.06935384705149,0.974963105786131,2.11414065669442,1.21432829551931,0.534619240331419,0.596740117547131,1.11379903540169,1.58489504985135,0.753290975760804,0.329263967491377,0.351525812393628,0.619165571970693,5.48246946482675,1.91024867227044,0.358197344176903,0.478657143666138,1.25091428300557,0.567709334434568,0.661424719025951,0.757682682412749,0.711511740107587,0.794838127278371
0.398480459783236,0.44843128499778,0.524286032640435,0.521642082226689,0.417516510132534,1.33415362930294,0.570914114578504,0.836677691591073,0.675165722654212,0.880056116527574,1.36358155498867,1.14635826942136,0.883947059014612,0.582185126128198,0.988111891019247,1.88353306181844,1.74967608335322,1.22302223914456,0.516893304176031,1.00853530467245,1.22190337630781,0.393529671649912,0.883771165129314,0.633981834298425,1.02807062059811
0.67001934050443,0.533019070555159,0.650632076558826,0.810561513098145,0.653311310094255,0.685012408914876,0.856447866369592,0.44161816119183,0.380020143032833,0.762833955958023,0.586887209330993,0.649275871604284,0.495774341072934,0.647596070333691,0.743713163431041,0.934250178594594,1.63887279731302,0.384550009452773,0.528800273241971,1.01158500942707,0.541205956974763,0.311780703937354,0.421675748402314,0.986669585693691,1.03987304200005
1.25656007986919,1.3090935376359,0.17184023318449,0.763108700730321,0.81999075689678,1.02431555530985,1.16889539393657,0.716394276891575,1.00484108331065,1.03101882989117,1.01528549877052,1.1131628504133,0.544896678670024,0.819890063218697,0.7491807000078,1.64497937662793,1.68143628372009,0.442519730162662,0.584783787465884,1.58521625873642,2.18288890718479,2.45145322128935,3.71758786974186,5.20898738415839,1.41824240826913
0.495548762848823,0.633028272416156,0.314945764755958,0.542846294971785,1.25429735588284,0.882052100447573,1.06784226155255,0.597019506469824,0.434111458223166,0.460027246538768,0.768250123322105,0.853223145239078,0.646375602024158,0.505370598075064,0.776624942741322,1.99066395408628,2.72211599393835,0.84857960812474,0.612378882262665,1.62918393556443,1.40888265026702,0.414173122176034,2.22854707506032,1.81738824875045,0.80820706302179
1.15531326060369,1.03701743313855,0.212494640413382,1.01512448582544,0.84242549253426,1.10127076881245,0.941256037350938,0.666392568935468,0.527124746613896,0.682136168260497,0.906391325739736,0.734677717570024,0.77444616713098,0.709255055074697,0.430529901293764,1.61876311605007,1.84990887202152,0.628446828798101,0.590750099739556,1.13000273438847,6.98372914381371,6.00490847580994,6.60159004604998,6.54598483538193,0.824042095921297
0.468750203688488,0.416884885213731,0.598302283063355,0.715453491754508,0.473009620783233,1.16324249206703,1.03334957744018,0.412175977770024,0.939929527568516,1.09942505271952,0.629585036439417,0.731540750803215,0.334644585012351,0.423088652316829,0.659782600973466,1.90020020652752,2.197173977194,0.289555525359521,0.614852501236904,0.963759676131998,0.746127773591571,0.247132197762533,0.280918544934815,0.48199943988085,1.39382881045883
1.16589714927118,0.747525265814752,0.285761138974327,0.537791006227611,0.589087731015027,1.24224454664038,0.832934502544175,1.0844103434263,0.829134457010724,0.865672668063687,1.04021716055347,1.08039763700631,0.844510350118762,0.667621978647689,0.841399991286225,2.77205170460615,1.5755874782485,0.631387883429337,0.494736271633698,0.96549055427927,1.01701933845528,1.62403359132708,1.77332379023224,4.61378747021842,0.560614469607936
0.562209449017975,0.580671138981868,0.945851937075219,1.12617545807694,0.71321707506027,0.764317989728661,1.27433976117317,1.23502033793231,0.58426792887608,1.2755437726722,0.9931237083065,1.14784834421798,0.845688744067925,0.433983258425863,1.1191627286751,2.41380758618516,2.1787865218918,0.765144204273833,0.563559900088388,1.37518239657007,0.941898067721386,0.494417054582236,0.225989486343542,0.592541327161732,0.60176295109306
0.413425133631885,0.423237092040762,0.509504549161621,0.336157568346645,0.355912038064616,2.18434979706804,2.55785987834283,0.455226068201198,1.22527003019386,1.78576369874766,0.761075094003161,0.78271023234444,0.183551785700784,0.523179467893412,0.556158966354846,1.64618561342734,1.93781542535871,0.272018688070539,0.783717079127172,1.25656482745825,1.14130369912116,0.858667340337516,0.691461076198239,0.615300457476641,1.65383426365798
1.0165719234539,0.484406113687017,0.308517499057748,0.410827109293003,0.425474570954616,1.13879576012882,1.14546815714739,0.948932596804351,0.471266122014111,0.72997207905934,1.85559997386279,0.420889193731417,0.866071274949385,0.565549264665826,0.657983545385762,4.40766517510583,2.65278554259964,0.573594060510383,0.416378582473564,1.41432604712194,3.02032727765817,2.13659791456579,7.09424430629545,7.28554399956508,1.10918992374141
0.539608384709243,0.352817030165721,0.473639599028539,0.647724355358885,0.30171314845825,2.23761284380638,1.04633128363829,1.04211975151867,0.617367604634248,1.57755413719319,1.7948281511564,0.765738524016708,0.499257695111283,0.471834667486891,0.90714907066883,5.00194439787219,1.93463305727861,0.491001149962298,0.626882362963961,1.43463555740854,0.917997698671473,0.770397842974983,0.56122796149555,0.751554507750668,0.934591355709102
0.481431410135729,0.464912125234777,0.414319073227799,0.58817295819435,0.486617946700509,1.99560332714189,1.53010600038168,0.870758860161771,0.516204144300466,1.12548464833336,1.71459616989352,0.777204904465385,0.885253073906521,0.54063470336843,0.787223582648856,1.88031292465411,1.32222660077998,0.55852818696849,0.532482714373134,1.22083143593699,1.38731504714218,0.653104287047003,1.32408717097666,1.17018018778782,1.43545320323857
0.945820465732049,1.27967647862583,0.106894413333879,0.791470198259093,1.07680818790797,0.759295747199568,0.91799646573256,0.331977722778825,0.539273902893529,0.685187545534886,0.470549501902294,0.884629925500639,0.503438633920362,0.503911019894751,0.599779394502888,1.99423354628827,1.92887875115516,0.405470956039943,0.794796339560388,1.08834297226694,1.63966407523727,1.24818167968184,3.83793238074844,4.3967304310647,1.11305453055624
0.377850168854927,0.365187206801858,0.83806786741945,0.849277853319451,0.605904436066085,1.58429654863974,1.48699233434411,1.04022686940579,0.416750396500711,0.7521527075588,1.70853411950561,1.60646347583298,0.786252164342659,0.455502858305868,0.792965223573726,1.8183964722445,1.71163201221496,0.999886288874809,0.640752125648845,1.05749439391787,0.564779841690152,0.84604693137509,0.784295159962218,1.08066248729903,1.39675055989264
0.829249047065849,0.995362130964225,0.473792116989217,0.724614430281837,0.630183681045254,2.09200042198407,1.17802531289855,0.589052676039748,0.736410832612802,1.4126966790435,1.68170954907057,1.17480787833317,0.476352321369153,0.620196499691553,1.05280871750627,1.48661351482278,1.61983424007648,0.465100043221903,0.569499951647989,1.05987057239811,0.676139627691695,0.677587778049922,0.994072756962924,1.71039298705499,1.01216306316494
0.649603782527451,0.635803591608318,0.558512259769754,0.964835427162752,0.782125156949756,0.885121687037029,0.881852422108329,0.4651415147984,0.41486397383615,0.793683551959085,1.00260926580607,0.696000101962861,0.404510090956916,0.549949470257558,0.572419331543361,1.01435970412032,1.73298123756627,0.603401875180966,0.419862260636724,1.40363706766247,1.14282054952319,0.305067800135011,0.777599014962515,0.640916591054672,0.695924613055465
0.652642792152167,0.668414396700215,0.835113348531259,1.16805492515807,0.963734900095234,1.02741587970079,0.773394025204875,0.628359391594776,0.783371293744623,0.826041392901939,0.910021395028003,0.867592875130891,0.532397675695518,0.511428887498518,0.868478828895544,1.19838618875334,1.54956834571742,0.8335836809369,0.602124502794424,1.53709749505059,3.97297772894294,0.265291527623875,0.899086851068557,0.790990460727849,0.815060191737425
0.866967055602747,1.18318841664474,0.151212616097362,0.624904552000881,0.791596480834501,0.665948814599244,0.885814391809309,0.563024679475566,0.585303102661553,0.568975256851335,0.189915511219655,0.286830462957123,0.416849069168579,0.91466606893509,0.592621157399915,2.024203873197,1.99394367672193,0.617269667559865,0.747432202364096,1.02237546439879,2.78826882664772,2.58450125282344,2.61641087833314,2.99501446039229,0.269384155321034
1.193246994747,1.71105831034405,0.122733084887177,0.60458011046145,0.853565169915209,0.659364997578491,0.850334574012365,0.398537003872112,0.308771573152383,0.467461121669521,0.761880442347198,1.29675161001269,0.783533593567205,0.477550242915618,0.338760776574629,1.7298494879235,2.02578827478066,0.498929505371117,0.42076985435186,1.20421380459467,5.3783992724743,6.68015575319143,8.26417412003707,10.6727132863834,0.519918505852401
0.438306122999827,0.373865870138426,0.405548304315095,0.43744232567422,0.299462963008965,1.59244827484149,0.789834405765443,0.710421053178345,0.616518649516469,0.824775165324068,1.67546533086266,0.824923450367636,0.369483661826722,0.394766241300482,0.964351011313479,4.56928326873488,2.37075165713799,0.674154186952207,0.654683089502538,1.67821634498666,2.57497575690908,1.12398132258482,0.701836042133175,0.581739575383765,2.09494195036118
0.538642369810295,0.405964166766936,0.610001271511529,0.836122230841865,0.624080738407111,1.07362129026795,0.93648216020018,0.694764346973181,0.781610367479392,0.81563784472293,1.17569887890395,1.3563071948648,0.517480654745717,0.538125370254232,1.03522421472517,1.67024284653276,1.38915832408471,0.334700580900628,0.457097268878085,1.21526469933289,0.444972799382707,0.317942873788607,0.152400487865283,0.35377093007761,0.875663319833704
0.539519028555067,0.570899258509596,0.740737786444369,0.908228607176571,0.698558909758664,1.02997619206493,1.64935099338156,0.605878857515774,0.934766149189153,0.591039723120352,1.37829474985242,1.20657724814548,0.496308358016562,0.831387170764623,0.973866792129039,1.14741512021817,1.86044024743696,0.79272393681349,0.611574933456129,0.751851602970008,1.52779267009934,0.342385891691245,0.476170541820538,0.348303690049392,1.23226822353974
0.729850919826502,0.708050657981816,0.50598877603907,0.685056330162353,0.817085081558705,1.24918869637424,1.15276699845825,0.442939505610811,0.320338236266791,1.0717417636251,0.695558523230465,0.554253587217511,0.622680788196062,0.40220601272268,0.593706111385974,1.4722921513827,1.2589692141504,0.522855219541097,0.361711144420496,1.04314270546344,0.996511354796175,0.500591266948021,0.627520518015588,0.848234579239459,0.984434966839405
0.998327756918881,1.00012106502507,0.145339086555802,0.3986483225647,0.726026368979605,1.02973888404664,1.21834103373337,0.647504202648087,0.772354136071068,1.00440424601725,1.060339722237,1.03963803853221,0.647238494655835,0.745037277165775,1.09325060038072,1.11392030356669,1.49515545763426,0.460045098966592,0.440845465212197,1.13497759113211,3.3889864296535,1.79511519690404,3.17605944541502,2.76049281203606,1.24965666902338
0.566227553353017,0.75387859682621,0.684414722077591,0.870107661388093,0.652953237844497,0.836195189100426,1.33323135112826,0.725022574725518,0.624747744139789,0.861030778581334,1.44088366343984,1.70714576095354,0.35438262002571,1.17363406729198,0.952919204678092,1.44080098905299,4.57321457451905,0.565276743681933,0.91904597712867,1.44290625527124,1.02275586690638,0.658687861128673,0.676143389053005,4.55722010573916,0.889393106223429
1.33867406283791,0.932002382941455,0.171644389584936,1.12176605836016,0.623524407358048,1.08471561416414,0.762938810051394,0.789080930726199,0.841750419227703,1.00488661449633,1.3575100650183,0.683190788402323,0.513936188142543,0.899163195342203,0.856965673072097,1.84195197987641,2.40042041941501,0.685798235670426,0.794559196643964,0.95690392057301,4.91974221066259,6.03871024339459,5.33294986729253,8.71127348452385,0.656972052385918
0.949808258633385,0.781118063520727,0.284632564719141,0.817831605974669,0.855647160440907,0.849870747487128,0.859098201216155,0.50248821370352,0.481678899825031,0.723112045623591,0.905726268975174,0.437804431716564,0.42041288863864,0.643803559692452,0.378404789832451,1.71595617115756,1.7679211767813,0.483777632938336,0.460352636752771,1.29281081688932,3.32174724089004,1.22473924843991,2.70048517646868,1.9617632685924,0.912775255862576
1.16595550505846,1.12826604528692,0.4488935006136,0.948442408526119,1.16172098612884,1.11869597547219,0.960657795255249,0.593283511077425,0.608648163497609,0.887401786457436,1.01032877290181,0.874801056917503,0.65093346136781,0.647922737165272,0.584072349494736,1.26439302710082,1.99063735934248,0.492265928111322,0.505913094098305,1.08048128927732,1.07978655378103,0.914126318132944,1.46117105458702,1.50542579867836,0.585894692136901
0.726741684598283,0.662217538628396,0.286919635366408,0.681468443141842,0.595781372034416,0.793063468502421,0.702721175525812,0.512124524120291,0.65037673438833,0.758350426045557,0.75875901978143,0.37478363278288,0.385636840502942,0.889703421999698,0.473893551201609,1.53176461714364,1.51113819489241,0.565243920233081,0.768306224564384,1.11018340031957,2.8608538639072,0.833304875732484,1.66534606218393,1.37015613804554,1.29060856380074
1.5041239024499,1.07301512401117,0.0671672098565951,0.893213996732592,1.38253442945625,0.763717000831282,0.696286653720076,0.460875683937179,0.563186551683556,0.742532173435391,1.21403596903105,0.616001384502845,0.64764349248423,0.654966986489193,0.730797120546456,1.70796279108577,2.02230344905966,0.447305208205042,0.640181942960503,1.45729024086218,3.66781044330711,3.88530777929419,7.32402715640888,8.56192081179326,0.8520597828489
0.604670275918314,0.9503698651809,0.345179263225062,0.599058581478836,0.496762224974037,0.98263712778362,0.461369924582224,0.398845302307417,0.333284410984736,0.766067375873852,0.610352482592353,0.533851875959796,0.451930092089559,0.439418522031879,0.707369111097898,1.76558953789316,1.71050050375308,0.410983331088787,0.36467237297298,1.26022024318295,0.481924851330653,0.355552726920714,1.25509213440835,2.26962665720835,0.907127912481836
0.727458355616552,1.03976677589545,0.176139825408784,0.48838790087083,0.576768365291643,1.3757068505618,0.802857659653852,0.472787749809086,0.902689491600595,1.07295604417808,0.792203676431533,0.847271369117752,0.43525435135615,0.68293391824675,0.846091194116091,1.34948496123503,1.44288612641234,0.338834376490349,0.664528405706037,0.846471386923798,1.43106953562323,1.21278397170155,2.54351279661964,3.30835264109944,0.991046761597548
0.500546529946565,0.487468638425461,0.710379367411547,0.836292413968959,0.588483497446163,0.788804471074254,1.16602943757234,0.758144841138497,0.431301658499151,0.6574457057567,0.829261909811306,0.883804976306025,0.624926554558844,0.222648546914701,0.807703845018848,2.01679994552223,1.94799337812685,0.804310687190889,0.470178245306296,1.2793140144441,0.824403216467827,0.410435585576102,0.314728794058815,0.394150820605147,0.822818694008419
0.443631338381601,0.349142788860538,1.08111676080938,0.918029925748836,0.922855733128636,0.945734073337175,2.18564037334275,0.881643473705976,0.82057952038224,1.30051155893138,1.01248652064687,1.76123983774325,0.922665986642535,0.639430179528632,0.904004673161623,1.89689052846846,2.02917165315548,0.725533779455315,0.708356374455735,1.42901205546868,0.973338746244719,0.579709824247693,0.228199190135644,0.576546771459081,0.969098653835598
0.673151612911152,0.844439772602975,1.07492249241318,0.489217892434688,0.362293263656306,1.49911802796591,1.92918847279339,0.509708608549355,0.870220010640362,1.1084030064043,0.829201155008587,0.959843402696337,0.187613665919338,0.471251266321545,0.554853057336303,1.45546924254733,1.77986036102504,0.741338766017236,0.607598177855555,1.20291122426279,1.40621067934084,1.2523222965299,1.60885067224346,1.65077949862318,1.00695814357827
0.546619779903676,0.630632828546208,0.8553475291686,1.04213136109948,0.772871193418218,1.12041289246335,0.90646790033227,0.464390499652378,0.443673723121958,0.451767736057663,1.43260311317852,1.41483592189347,0.547125368780268,0.575873486691172,1.00677616844147,1.44232446191407,1.57424842815244,0.67271910265535,0.55123253238732,1.08905820707755,0.483363474257121,0.779423047316838,0.705741411604825,0.414953043189376,1.01869710371148
0.338866581795063,0.374883795268769,0.74000290364173,0.514998867982471,0.505215581770244,1.28940379210303,1.74827812194382,0.830125532503545,0.494003805073825,0.940024318353076,0.941824434642241,1.11509146071009,0.682212857918997,0.333687311756846,0.721186840577539,2.12185953014452,2.72852572408012,1.22772102574016,0.469323834883035,1.17124835976565,1.13446141630446,0.517437333098756,0.299392921346481,0.449627181248676,1.06416216134013
0.964376143245422,1.3490201150426,0.396369610534252,0.662513171452025,0.626113288233965,1.37543866511829,1.65535352951403,0.560906073274751,0.66992756661196,0.973581447181191,0.897770999733584,1.20389636146002,0.435111461917617,0.486694115087476,0.683189218845755,1.48371858649727,1.65604705681381,0.305278476359852,0.431514587308988,0.842009250916053,2.44145660915053,2.99140045777648,2.99760842989043,4.21380719165917,0.998738595174461
0.772209813766422,0.766693694301264,0.145952867479032,0.226270412672872,0.436488382521051,1.14721608821464,1.27635409621785,0.694775773229137,0.800736135690894,0.971796026354829,0.636835513447003,0.758438526863848,0.488743164833886,0.619257970829669,0.676090050158367,1.84243046337297,1.99172537394884,0.42064971231757,0.506942778561141,1.27615214624177,2.57155055651715,1.47137467176351,1.24029304006165,2.19450122943986,0.341515843169402
0.288688254390484,0.329682667428586,0.76780434805351,0.722875547593015,0.488112252231173,1.47397283873363,1.38804263212323,0.693159680725893,1.10297289539228,0.890556202831648,1.46695917803526,1.50637089922312,0.553720780997142,0.989297370475915,1.16241472798355,1.31351669554421,1.67124969253272,0.579779104977158,0.505587316110132,1.32475477216776,0.570228703697452,0.735739923697623,0.388978160181684,0.459292815565247,1.03718293385138
0.737558483397528,0.558986448655633,1.32210742362029,1.59390457416055,0.594286319916757,1.05006215188463,0.831802670163106,0.587007269913997,0.558467637777187,0.584069195121459,1.08053117055928,1.14307038087609,0.698008746191162,0.756220599201326,0.605186165860965,2.41966495714232,1.98438221232063,0.829752845652194,0.931132346962112,0.981596427094545,0.839698254422224,0.88643897494164,0.307351934615409,0.623888453611185,0.626533871719434
1.13579079247701,1.22352599475411,0.262597378676162,0.83301050432986,0.937604572376404,1.08055412305483,1.12459717838988,0.496069014402263,0.83063789444063,1.03498472959915,1.09319580895774,1.22035572111123,0.54228754642598,0.617758773480067,0.772153831732933,1.8476347752963,2.23313350737243,0.369734075849135,0.720096069455831,1.18128784548865,1.41162036442012,1.88484042221024,2.42056963805258,3.91256056249834,0.71488130753225
0.406881669605478,0.420723460240595,0.751408256800643,0.414313707957383,0.420684342749277,1.12819371355988,1.11764424013337,1.72117900183688,1.42734975518356,0.986498971410174,0.669451194808126,0.679696400227724,1.11346636513022,0.753218579202047,0.84329166537747,1.94459856752807,2.82473333952464,3.36116609554293,1.70404233969952,1.42307861756736,6.88648502636949,2.84628966567297,0.545147979215364,0.858978073581245,0.907702857156782
1.0656389568693,0.95562003742128,0.412895314591551,0.924248830352765,0.890640377796997,1.31764050376035,0.979976168542745,0.433440649228876,0.629684120646708,0.782546251592129,0.945838042289673,0.993135525684799,0.552532907811421,0.666128767094683,0.522226419845268,2.28465503554311,2.20846395052063,0.438616825952599,0.598464396889722,1.11246398553888,0.830612313169902,0.599379928865552,1.35416951112486,1.30725119449842,0.751845301352719
0.717718178568192,0.623075335852609,0.324614394713544,0.578263921919319,0.551405894763425,1.64714316526452,1.76416139311889,0.664744964473737,0.473131783770916,1.28513117433653,1.45197077210554,1.87525367554853,0.577809597528112,0.482023719761644,1.45164427079666,1.53719337112605,2.16961310509161,0.59805909245904,0.375659857912127,1.13881800830088,0.82507324943714,0.326985498980258,0.588400763621538,0.691367587097721,0.874204275876058
